{
    "createdTime": "2022/02/01, 19-57-41",
    "pathtoImage": "Z:\\data\\Houk\\Delaware\\level1\\adjustedFocus_tile__ix000_iy002_47.53105408003928.tiff",
    "imageWidth": 549.2410888671875,
    "imageHeight": 343.27569580078125,
    "lightPower": 1.0,
    "waferXY": [
        -737.5,
        -642.2999877929686
    ]
}