{
    "createdTime": "2022/02/01, 19-43-07",
    "pathtoImage": "Z:\\data\\Houk\\Delaware\\level1\\adjustedFocus_tile__ix000_iy000_-5.340721004192317.tiff",
    "imageWidth": 549.2410888671875,
    "imageHeight": 343.27569580078125,
    "lightPower": 1.0,
    "waferXY": [
        -737.5,
        -1328.9000244140625
    ]
}