{
    "createdTime": "2022/02/01, 19-43-13",
    "pathtoImage": "Z:\\data\\Houk\\Delaware\\level1\\adjustedFocus_tile__ix000_iy000_16.80597825063397.tiff",
    "imageWidth": 549.2410888671875,
    "imageHeight": 343.27569580078125,
    "lightPower": 1.0,
    "waferXY": [
        -737.5,
        -1328.9000244140625
    ]
}