{
    "createdTime": "2022/02/01, 19-50-17",
    "pathtoImage": "Z:\\data\\Houk\\Delaware\\level1\\adjustedFocus_tile__ix000_iy001_15.881300767612261.tiff",
    "imageWidth": 549.2410888671875,
    "imageHeight": 343.27569580078125,
    "lightPower": 1.0,
    "waferXY": [
        -737.5,
        -985.5999755859375
    ]
}